id,name,price
НФ-00001735,AMOUAGE Beach Hut W 100 ml edp (Oman),104
НФ-00000022,AMOUAGE Blossom Love W 100 ml edp (Oman),118
НФ-00002904,AMOUAGE Blossom Love W 100 ml edp (UK),117
НФ-00000021,AMOUAGE Blossom Love W 100 ml edp tester (Oman),97
НФ-00000648,AMOUAGE Ciel W 100 ml edp (Oman),122
НФ-00001063,AMOUAGE Ciel W 100 ml edp tester (с крышкой),118
НФ-00001315,AMOUAGE Dia W 25 ml Sh/Gel tester,5
НФ-00000954,AMOUAGE Epic 56 Woman 100 ml Extrait De Parfum,273
НФ-00001508,AMOUAGE Epic 56 Woman 100 ml Extrait De Parfum tester,270
НФ-00001304,AMOUAGE Fate W 3*10 ml edp Refill,85
НФ-00001303,AMOUAGE Fate W Travel Set 3*10 ml edp (с чехлом),95
НФ-00000628,AMOUAGE Figment M 100 ml edp (Oman),84
НФ-00001060,AMOUAGE Figment M 100 ml edp tester (с крышкой),80
НФ-00000566,AMOUAGE Figment W 100 ml edp (Oman),110
НФ-00000500,AMOUAGE Figment W 100 ml edp tester (Oman),98
НФ-00000955,AMOUAGE Honour 43 Woman 100 ml Extrait De Parfum,285
НФ-00002697,AMOUAGE Interlude 53 M 100 ml Extrait De Parfum,290
НФ-00001483,AMOUAGE Interlude Limited Edition M 100 ml edp (стразы),176
НФ-00003113,AMOUAGE Lineage 100 ml edp,190
НФ-00003138,AMOUAGE Lineage 100 ml edp tester,175
НФ-00001313,AMOUAGE Love Mimosa W 100 ml edp (Oman),110
НФ-00000042,AMOUAGE Material W 100 ml edp,114
НФ-00001736,AMOUAGE Memoir M 50 ml edp (Oman),90
НФ-00000578,AMOUAGE Myths W 100 ml edp (Oman),103
НФ-00000390,AMOUAGE Opus 10 100 ml edp tester,113
НФ-00000389,AMOUAGE Opus 8 100 ml edp tester,89
НФ-00002695,AMOUAGE Opus 9 100 ml edp,145
НФ-00002696,AMOUAGE Overture M 100 ml edp,127
НФ-00001310,AMOUAGE Portrayal W 100 ml edp (Oman),132
НФ-00001933,AMOUAGE Reflection 45 M 100 ml Extrait De Parfum,204
НФ-00001934,"AMOUAGE Set Cygnus W 3*100 ml edp (Ashore,Crimson Rocks,Blossom Love)",370
НФ-00001935,"AMOUAGE Set Cygnus W 3*50 ml edp (Ashore,Crimson Rocks,Love Tuberose)",270
НФ-00001944,"AMOUAGE Set Ursa Major Men 3*50 ml edp (Enclave,Reflection,Meander)",265
НФ-00001741,"AMOUAGE Travel Set Interlude Men 3*10 ml (Interlude,Interlude Bl.Iris,Interlude 53)",100
НФ-00000051,AMOUAGE Пакет L,4
НФ-00000049,AMOUAGE Пакет S,5
НФ-00002270,Boadicea the Victorious Adoration 100 ml edp,210
НФ-00002271,Boadicea the Victorious Adoration 100 ml edp tester,154
НФ-00000745,Boadicea the Victorious Almas 100 ml edp,440
НФ-00000797,Boadicea the Victorious Almas 100 ml edp tester,385
НФ-00001432,Boadicea the Victorious Almas 100 ml edp tester (с крышкой),390
НФ-00002309,Boadicea the Victorious Alseif 100 ml edp,400
НФ-00001331,Boadicea the Victorious Amethyst 100 ml edp,315
НФ-00000427,Boadicea the Victorious Azrak 100 edp tester,290
НФ-00001338,Boadicea the Victorious Blue Sapphire Supercharged 100 ml edp tester,680
НФ-00000798,Boadicea the Victorious Carbon Sapphire 100 ml edp tester,460
НФ-00001114,Boadicea the Victorious Chariot 100 ml edp,174
НФ-00002272,Boadicea the Victorious Chariot 100 ml edp tester,145
НФ-00001485,Boadicea the Victorious Complex 100 ml edp tester,135
НФ-00002306,Boadicea the Victorious Complex 2020 100 ml edp,400
НФ-00002289,Boadicea the Victorious Consort 100 ml edp,350
НФ-00000428,Boadicea the Victorious Decade 100 edp,200
НФ-00002273,Boadicea the Victorious Empowered 100 ml edp,179
НФ-00002274,Boadicea the Victorious Empowered 100 ml edp tester,160
НФ-00000631,Boadicea the Victorious Explorer 100 ml edp,175
НФ-00000799,Boadicea the Victorious Fire Sapphire 100 ml edp tester,440
НФ-00000747,Boadicea the Victorious Green Sapphire 100 ml edp,410
НФ-00000752,Boadicea the Victorious Greenwich 100 ml edp,370
НФ-00002300,Boadicea the Victorious Hero 100 edp,290
НФ-00002301,Boadicea the Victorious Hero 100 edp tester,240
НФ-00002278,Boadicea the Victorious Iceni 100 ml edp tester,220
НФ-00001341,Boadicea the Victorious Imperial Vetiver 100 ml edp,320
НФ-00001342,Boadicea the Victorious Imperial Vetiver 100 ml edp tester,300
НФ-00002297,Boadicea the Victorious Jubilee 100 edp tester,265
НФ-00000751,Boadicea the Victorious Kahwa 100 ml edp,215
НФ-00002286,Boadicea the Victorious Kahwa 100 ml edp tester,165
НФ-00002313,Boadicea the Victorious Legend 100 ml edp tester,650
НФ-00002303,Boadicea the Victorious Midnight 100 ml edp tester,400
НФ-00000632,Boadicea the Victorious Monarch 100 edp,164
НФ-00000749,Boadicea the Victorious Nemer 100 ml edp,280
НФ-00000802,Boadicea the Victorious Nemer 100 ml edp tester,260
НФ-00002295,Boadicea the Victorious Notorious 100 ml edp,400
НФ-00002287,Boadicea the Victorious Rebellious 100 edp,240
НФ-00002288,Boadicea the Victorious Rebellious 100 edp tester,220
НФ-00000633,Boadicea the Victorious Regal 100 ml edp,123